,0,1,2,3,4,5,6,7
0,consumed,edition,distribution,exercise,places,genus,classes,international
1,expense,ii,industrial,personal,several,mark,definitions,back
2,labour,iv,commerce,interests,five,d,kinds,values
3,pay,review,successive,public,hundred,attribute,commonly,entirely
4,saving,professor,field,habits,times,color,valuable,bodies
5,market,published,elements,control,succession,property,subjects,explain
6,ratio,sir,tendencies,private,existed,c,consequently,depend
7,loss,iii,formation,feelings,nations,substance,protection,bring
8,food,chap,division,religious,years,white,employments,put
9,price,book,principal,towards,thousand,predicate,indirect,light
10,goods,mill,agents,thoughts,four,attributes,articles,determine
11,total,treatise,branch,acquired,few,sensation,useful,fall
12,imported,later,relations,habit,numerous,e,unproductive,wholly
13,producing,france,phaenomena,intellectual,uniformities,name,rich,taxes
14,smaller,et,wealth,intellect,divided,b,english,sun
15,laborers,american,development,sentiments,substances,la,evident,actions
16,increased,de,influences,education,ten,weight,equality,matters
17,home,p,industry,faculties,events,member,although,follow
18,raise,written,operations,affairs,past,l,taxation,prices
19,days,pp,products,authority,among,et,self,forces
20,imports,l,intelligence,philosophers,twenty,person,laborers,look
21,produce,chapter,parts,minds,europe,private,are,pass
22,receive,french,functions,parliament,thinkers,etc,middle,governed
23,producers,bentham,progress,party,inductions,de,poor,solely
24,consumption,books,national,age,motions,bill,included,turn
25,cloth,ricardo,forms,active,many,house,matters,bound
26,paid,la,advantages,strong,lines,family,besides,industries
27,return,mr,chemical,business,observed,third,fit,motions
28,ten,read,intellectual,conduct,three,species,highly,account
29,cent,examination,consists,moral,distinguished,side,above,arguments
30,get,spencer,extension,office,employments,word,ordinary,action
31,yards,war,metals,spirit,nearly,wife,propositions,duties
32,exports,bill,administration,freedom,differences,income,yards,principles
33,linen,writer,social,whom,various,man,linen,partly
34,per,became,powers,opinions,marks,virtue,concerned,metals
35,iron,whewell,precious,women,observations,absence,common,lines
36,land,philosophical,operation,feeling,two,affirmed,liable,considerations
37,corn,last,changes,wife,countries,right,persons,you
38,gain,paper,joint,bound,age,hundred,whose,earth
39,germany,preceding,local,life,changes,negative,questions,trade
40,expenditure,commerce,special,whose,compared,year,terms,competition
41,increasing,economy,skill,judgment,similar,himself,purposes,together
42,the,dr,sentiments,open,parts,father,taxes,grounds
43,profit,leading,metaphysical,rights,modes,claim,lower,sensations
44,agricultural,writings,members,mankind,once,body,properly,continue
45,thousand,english,sciences,desires,day,desires,chiefly,ricardo
46,payment,twenty,arising,living,bodies,class,etc,side
47,share,currency,numbers,self,known,line,applicable,hold
48,half,silver,element,capacity,facts,entire,writers,mill
49,average,says,agriculture,powerful,especially,produces,higher,according
50,quantity,during,various,member,points,names,used,carry
51,unproductive,speculations,constitution,woman,classes,parliament,paid,causes
52,sum,logic,experimental,allowed,different,interests,employ,affect
53,capital,agriculture,scale,character,hitherto,term,doctrines,see
54,capitalist,father,investigation,entitled,come,premise,both,ideas
55,due,stated,international,working,series,act,various,mind
56,consequently,came,europe,actions,successive,thousand,considered,depends
57,twenty,school,economic,local,modern,series,commodities,down
58,labor,statement,combined,intelligence,easily,sun,duties,laws
59,she,comte,separate,fit,states,death,also,effects
60,amount,early,corresponding,knew,during,belongs,thinkers,laid
61,keep,m,institutions,position,old,successive,industries,act
62,articles,year,improvement,subjects,instances,payment,wages,limits
63,increase,second,moral,writings,together,sensations,principles,again
64,england,house,capacity,feel,france,proposition,regarded,opinions
65,of,philosophy,modern,thinking,middle,party,joint,call
66,lower,years,characteristic,held,sensations,heat,difficult,books
67,country,gold,stage,people,written,possession,true,kept
68,laborer,after,agricultural,gave,ascertained,capitalist,established,separate
69,larger,writers,of,speculations,individuals,writer,numerous,brought
70,commodity,illustration,phenomena,power,found,equality,different,free
71,produced,s,taxation,others,effects,connotation,men,exclusively
72,tax,period,kinds,good,agents,working,well,against
73,commodities,history,purely,desire,last,feeling,distinguished,upon
74,five,was,active,men,formed,followed,perfect,desires
75,remuneration,cent,education,family,ones,expression,generally,external
76,products,speculation,modes,thinkers,exist,quality,examples,states
77,excess,discussion,mental,members,combination,god,entitled,rules
78,foreign,half,variations,rich,space,object,values,tend
79,year,political,study,influence,separate,expenditure,explain,profits
80,income,per,machinery,beings,metals,individual,nearly,economic
81,proportion,beginning,physical,persons,unknown,each,therefore,consciousness
82,back,work,indirect,doing,numbers,credit,among,evidence
83,equivalent,third,production,highly,forces,antecedent,affect,judge
84,off,d,materials,felt,seen,individuals,these,foreign
85,supply,next,highest,duty,kinds,hands,supposed,imported
86,will,my,laws,work,distinct,consequent,forms,own
87,rich,stage,association,cultivated,co,entitled,obvious,simply
88,and,five,greatest,own,period,call,difference,respecting
89,hundred,politics,nations,early,these,idea,products,senses
90,fixed,e,influence,over,objects,represented,consumption,open
91,productive,metaphysical,qualities,happiness,world,exists,meant,precious
92,fall,i,history,world,completely,force,between,mean
93,continue,first,chief,institutions,powerful,animal,words,spencer
94,cost,germany,series,who,persons,employ,understood,origin
95,immediately,fully,chiefly,society,believed,concrete,compared,habits
96,countries,notes,total,willing,those,abstract,divided,conceptions
97,benefit,received,faculties,numerous,members,thing,producers,consequences
98,materials,four,existing,thought,produced,choice,ought,acts
99,exchange,europe,pp,choice,women,form,those,law
100,money,myself,direction,benefit,led,per,class,feelings
101,rate,article,uniformities,left,evils,simply,here,directly
102,obtain,modern,cultivation,best,shown,single,methods,facts
103,demand,economic,art,community,previously,m,cloth,contrary
104,to,continued,valuable,superior,difficulties,marks,names,notes
105,competition,see,entire,mental,influences,s,distinction,themselves
106,higher,had,etc,majority,relations,instance,rules,go
107,article,worth,processes,interest,men,direction,speak,bear
108,rise,although,p,themselves,number,justice,arguments,do
109,equal,took,results,strongest,familiar,something,receive,sole
110,her,me,especially,knowledge,where,woman,exchange,come
111,continued,following,characters,himself,white,objects,most,through
112,a,united,acts,god,causes,meaning,high,left
113,advantages,wife,speculation,think,circumstances,motion,productive,doctrine
114,in,international,consequences,read,long,sort,peculiar,led
115,for,about,improvements,bentham,united,water,politics,why
116,greater,old,society,hands,agree,edition,language,supply
117,community,trade,classes,opinion,cent,words,political,ultimate
118,additional,before,science,carry,characters,acts,three,belief
119,industry,england,morality,popular,species,succession,remuneration,off
120,would,days,productive,liberty,working,characteristic,none,keep
121,family,observations,portion,inferior,happen,forms,countries,ought
122,or,laid,connotation,old,french,opposite,justice,causation
123,small,methods,action,my,attributes,bentham,dr,dependent
124,profits,fundamental,co,qualities,beginning,middle,raise,representative
125,during,doctrine,political,government,resemblance,makes,determined,commodities
126,population,thousand,la,religion,writers,says,women,father
127,employed,logical,spirit,thinks,came,members,profits,imports
128,machinery,ten,increasing,everything,phaenomena,cent,differences,conduct
129,immediate,soon,habits,placed,phenomena,type,just,altogether
130,wages,appeared,namely,legal,majority,parts,depend,elements
131,members,here,properties,him,philosophers,agree,received,god
132,willing,gave,share,them,properties,share,really,force
133,interest,put,origin,virtue,felt,ten,sense,thrown
134,carry,language,conceptions,her,cases,resemblance,you,taxation
135,prices,used,forces,purely,history,three,naturally,thoughts
136,production,main,application,school,already,another,low,mr
137,employment,middle,dependent,later,held,gives,p,question
138,longer,theory,ideas,full,third,ideas,exclusively,preceding
139,silver,fallacy,duties,future,differ,five,agree,various
140,wealth,day,popular,hold,thrown,religion,proportion,grounded
141,addition,death,material,social,become,chief,characters,speak
142,house,advanced,taking,importance,early,receive,four,know
143,united,valuable,fundamental,especially,opinions,kind,gain,paper
144,duties,chief,peculiar,field,yet,community,want,raise
145,at,system,freedom,attention,geometry,equal,especially,did
146,be,kept,the,father,appeared,wrong,division,take
147,rent,entitled,foreign,employ,half,precisely,capitalist,conditions
148,than,length,economy,doctrines,again,four,germany,ascertain
149,taxes,view,classification,their,added,second,marks,hand
150,times,study,speculations,nation,were,equivalent,equally,s
151,advantage,his,inquiry,development,immediately,earth,morality,objects
152,notes,new,divided,individual,been,one,solely,immediately
153,bill,philosophers,remuneration,valuable,proved,thinks,individuals,market
154,if,hundred,powerful,anything,actually,chemical,cultivated,exchange
155,tends,thinkers,independent,enough,preceding,profit,who,wages
156,desires,latter,affairs,books,things,sometimes,two,results
157,produces,especially,non,chiefly,minds,positive,themselves,within
158,tend,been,states,representative,year,divided,powerful,association
159,permanent,argument,nature,practical,placed,business,employed,precisely
160,that,religion,et,his,per,distinct,simple,hands
161,consequence,now,system,administration,considerations,you,french,protection
162,employments,takes,methods,rest,sciences,every,working,each
163,enable,former,american,speculation,england,metaphysical,why,consider
164,nation,accordingly,trade,possession,know,say,called,him
165,reduced,syllogism,deductive,influences,had,cause,sciences,chemical
166,value,principles,depends,possess,days,points,cases,these
167,compared,excess,leading,prevent,none,definition,substances,toward
168,wholly,time,intellect,mind,accordingly,powers,governed,currency
169,by,appears,complex,right,complex,syllogism,held,freedom
170,gold,am,substances,support,possibly,pleasure,philosophers,apply
171,while,money,politics,association,continued,superior,however,receive
172,else,three,condition,english,circumstance,substances,geometry,determined
173,agriculture,member,philosophy,against,writings,want,school,commerce
174,arising,occasion,causes,ever,both,association,interests,p
175,capacity,examples,community,morality,ideas,control,differ,forth
176,metals,down,sum,past,most,fallacy,real,theory
177,exactly,principal,type,become,elements,laborer,others,demand
178,large,attention,permanent,keep,reality,mr,stand,water
179,each,has,france,done,water,assertion,desires,rights
180,is,and,values,modern,precisely,producing,whewell,premises
181,same,parliament,principles,act,about,sum,larger,gave
182,everything,administration,difficulties,judge,death,notes,philosophical,pp
183,perhaps,shown,character,free,published,instead,better,matter
184,parliament,total,extent,became,probable,professor,stated,judgment
185,industries,out,edition,writer,read,half,essential,iv
186,less,seen,inductive,powers,generalizations,circumstance,many,prevent
187,improvements,clear,knowledge,share,whom,action,per,wrong
188,remain,cloth,objects,complete,school,like,abstract,authority
189,over,pass,effects,man,rich,hand,money,ground
190,skill,little,expenditure,ideas,cultivated,bound,direct,rise
191,actually,added,natural,making,independent,day,things,our
192,advance,until,ii,person,within,else,rule,uniformities
193,years,scientific,labor,little,themselves,manner,labour,ii
194,their,analysis,and,hope,still,expressed,use,pay
195,water,answer,position,wrong,substance,combination,practical,modes
196,on,investigation,strength,cultivation,fully,meant,cent,opinion
197,standard,articles,l,claim,practically,used,limited,founded
198,turn,also,united,french,characteristic,his,consists,phaenomena
199,employ,greatly,consumption,attempt,have,common,administration,believe
200,represented,exchange,differences,human,silver,called,imported,rent
201,above,the,large,individuals,never,properties,free,kinds
202,low,office,abstract,make,parliament,rights,consider,read
203,required,yards,succession,generally,feelings,about,support,experiments
204,which,her,determined,poor,appear,interest,credit,chap
205,instead,on,reference,formed,antecedent,pay,e,home
206,high,doctrines,rules,politics,tendencies,dr,more,nor
207,war,in,fixed,myself,assumed,connected,truths,custom
208,hands,forth,questions,speaking,brought,phenomenon,enough,united
209,greatly,correct,population,kept,experiments,mean,consumed,heat
210,affect,part,takes,up,examples,feelings,namely,motion
211,worth,example,conditions,improvement,connected,giving,drawn,money
212,poor,positive,interests,justice,truths,myself,bound,neither
213,states,taxation,philosophical,political,advanced,published,contrary,ourselves
214,it,linen,scientific,national,after,him,following,on
215,prevent,branch,exact,philosophical,seldom,conception,advantages,namely
216,not,chiefly,countries,action,comparison,functions,absolutely,differ
217,power,while,professor,among,chiefly,belief,less,existence
218,member,this,feelings,never,opposite,pass,applied,into
219,precious,further,through,regard,pass,two,require,possibly
220,american,step,animal,written,war,respect,hold,combined
221,until,he,logic,grounds,laws,own,termed,out
222,from,a,unproductive,come,admitted,feel,term,iii
223,partly,since,life,receive,each,usually,accordingly,paid
224,more,brought,heat,concerning,concerned,terms,ones,position
225,whole,question,business,advanced,they,article,utility,us
226,trade,inquiry,combination,greatly,all,affirm,need,drawn
227,full,party,advanced,regarded,likely,purpose,functions,nations
228,kept,of,articles,he,followed,p,ultimate,differences
229,practically,did,source,highest,books,or,requisite,right
230,became,at,three,few,knew,corresponding,usually,corn
231,possession,point,world,external,earth,consists,necessarily,concerning
232,before,speak,supply,seldom,matters,am,likely,relations
233,currency,long,among,believed,iron,included,england,whewell
234,as,woman,derived,attained,like,twenty,fundamental,operations
235,paper,made,its,philosophy,light,next,rent,local
236,national,represented,school,protection,results,addition,prices,personal
237,credit,capitalist,hands,me,affirmed,connection,precious,derived
238,go,gain,opposite,respect,attained,people,competition,future
239,taking,practically,rights,should,products,following,rather,enable
240,influence,thinks,subjects,concerned,etc,existence,according,justice
241,duty,great,power,better,type,directly,elements,working
242,nations,term,distinguished,body,very,express,economy,get
243,custom,original,depend,to,probably,spencer,premises,discussion
244,double,end,state,purposes,precious,majority,certainly,course
245,effect,then,forth,turn,taken,places,often,supposing
246,bring,up,nation,sufficiently,subjects,tax,majority,nature
247,again,taken,whole,classes,asserted,lines,religious,does
248,weight,paid,representative,pleasure,time,strength,expressed,review
249,nearly,gives,immediate,ought,certain,relation,properties,before
250,agents,laborer,proportion,least,believe,sentiments,popular,necessarily
251,distribution,requires,species,success,quite,set,reasons,independent
252,exercise,above,actions,speak,obvious,look,materials,distribution
253,anything,foundation,requisite,and,might,argument,exactly,goods
254,bear,just,producers,seemed,yards,mode,legal,were
255,people,remains,possession,house,propositions,goods,concrete,then
256,quality,full,degree,useful,phenomenon,position,they,under
257,number,national,equality,had,almost,remuneration,general,reasons
258,cultivated,science,ones,do,my,co,art,we
259,english,established,human,sir,kept,classes,involved,circumstances
260,change,for,foundation,all,are,combined,variations,both
261,day,thus,distinct,death,present,he,remains,took
262,inferior,several,relation,governed,continue,according,said,silver
263,c,nearly,addition,greatest,premises,producers,sometimes,attention
264,but,nations,order,giving,next,judgment,do,everything
265,extent,questions,circumstances,want,methods,grounded,consequences,exactly
266,active,seems,ultimate,solely,soon,several,habits,equally
267,because,process,review,those,altogether,anything,principle,answer
268,suppose,comes,important,desirable,assert,whom,inferior,towards
269,pleasure,times,concrete,state,new,legal,may,what
270,ordinary,she,tendency,writers,names,use,dependent,held
271,after,subject,limits,many,besides,sir,speaking,they
272,other,much,analysis,constitution,generally,representative,superior,co
273,b,custom,control,end,principal,living,expenditure,income
274,they,states,essential,operations,sometimes,gave,laid,system
275,about,advance,property,worth,who,exercise,still,following
276,thrown,into,in,whewell,improvements,bodies,believed,doctrines
277,limited,foreign,acquired,study,exactly,sense,private,subjects
278,measure,credit,tend,conceptions,whose,thinking,spencer,occasion
279,chance,led,country,bad,others,example,willing,parts
280,all,held,ratio,even,gold,asserted,labor,rest
281,commerce,considerable,actual,most,habits,follows,fall,sir
282,material,practice,number,exclusively,future,persons,few,whether
283,otherwise,sum,whose,certainly,through,forces,classification,explanation
284,one,were,great,belief,thoughts,separate,like,able
285,numbers,inductive,over,higher,previous,who,several,follows
286,doing,iron,iii,tendencies,expect,laborers,universal,exist
287,motive,thoughts,english,except,received,due,absolute,faculties
288,happen,back,limited,home,now,judge,relations,regard
289,greatest,corn,tends,took,animal,motive,happen,best
290,its,religious,measure,under,b,books,all,capitalist
291,period,future,excess,led,first,happiness,acts,examination
292,values,founded,middle,continued,least,namely,other,phenomena
293,much,when,part,motive,ever,assert,distribution,their
294,afford,having,increase,nations,existence,allowed,belongs,speculations
295,can,past,government,portion,able,relations,now,conceive
296,forces,line,their,like,definitions,power,regard,terms
297,upon,hope,industries,characters,chemical,over,merely,direction
298,with,value,different,believe,highest,conduct,reduced,morality
299,scale,expression,capital,they,equal,commonly,comte,arising
300,europe,protection,conduct,matters,myself,rich,wrong,writers
301,gives,return,body,scarcely,probability,active,trade,prove
302,added,off,small,difficulties,simple,unproductive,processes,constitution
303,so,thrown,employments,through,uniformity,comte,people,leading
304,have,highly,respecting,rules,beings,thoughts,logic,her
305,death,points,existence,europe,some,termed,ricardo,absolute
306,business,goods,authority,length,questions,different,partly,french
307,able,standard,competition,questions,made,characters,religion,dr
308,brought,experimental,evils,consciousness,concerning,bad,b,feel
309,france,open,becomes,familiar,invariable,paid,though,about
310,time,rich,consequent,completely,main,best,agreement,set
311,office,spirit,genus,too,scale,becomes,equal,continued
312,only,population,original,intended,scarcely,chance,placed,same
313,classes,labour,space,almost,did,government,sentiments,experience
314,an,use,exercise,evil,expected,just,much,naturally
315,considerable,double,party,important,could,capital,think,fact
316,age,measure,weight,able,mankind,qualities,cannot,give
317,majority,market,french,previously,i,involved,required,like
318,living,functions,inferior,or,difficulty,nation,knew,influences
319,whose,working,generalizations,dr,ourselves,strongest,d,support
320,being,said,force,off,consequences,popular,special,several
321,him,as,main,give,genus,office,necessity,laborer
322,give,popular,thinkers,i,doctrines,times,kind,supposition
323,them,left,superior,practice,small,distinguished,rate,writings
324,giving,few,definitions,published,exists,takes,chief,cannot
325,when,idea,liberty,large,words,writings,international,willing
326,least,previous,habit,likely,remain,fixed,and,death
327,out,very,bodies,during,false,consideration,hand,assert
328,making,sciences,form,history,there,whewell,seem,says
329,supposed,have,iron,present,natural,part,method,influence
330,through,present,market,put,naturally,age,american,well
331,precisely,free,working,perfect,motion,double,requires,functions
332,are,higher,process,objects,one,protection,l,are
333,together,age,events,system,rest,other,twenty,immediate
334,length,metals,practical,bear,later,independent,whom,exports
335,ourselves,error,between,much,even,drawn,sort,previous
336,allowed,difficulties,truths,none,same,mind,investigation,up
337,unless,felt,individuals,logic,hand,number,logical,strongest
338,his,word,motions,special,second,mill,syllogism,iron
339,beyond,world,previous,chief,position,strong,importance,gold
340,could,processes,commodities,naturally,experience,motions,leading,expect
341,he,already,advantage,cannot,corn,essential,local,observations
342,cultivation,followed,giving,scientific,class,formed,so,not
343,makes,hand,partly,entirely,until,opinion,against,previously
344,although,industries,exports,about,manner,taking,probable,changes
345,enough,termed,purposes,fully,formation,pp,grounds,view
346,portion,hands,minds,professor,c,things,qualities,how
347,division,shall,proper,made,seemed,differ,which,definitions
348,necessarily,conception,chap,occasion,took,men,as,bentham
349,personal,short,respect,brought,seem,labour,scientific,legal
350,had,carry,public,war,imported,modes,interest,articles
351,who,principle,religious,yet,into,subject,laborer,events
352,becomes,materials,thoughts,was,set,exactly,public,let
353,carried,say,positive,day,combined,either,because,point
354,world,country,under,she,weight,exclusively,nations,soon
355,no,c,view,expected,degree,taxes,quite,must
356,why,purely,old,considerable,acquired,personal,equivalent,thinks
357,tendency,purpose,early,probably,family,particular,is,bill
358,want,will,marks,proper,another,elements,important,operation
359,superior,generalization,private,class,body,except,considerations,private
360,determined,ideas,cost,great,consciousness,answer,bad,knew
361,advanced,price,into,need,perhaps,possess,pp,english
362,comes,active,consciousness,chance,possess,total,the,priori
363,probably,expressed,comparison,beyond,industries,thrown,of,words
364,up,rent,majority,years,before,larger,bentham,all
365,was,profit,third,often,stand,consumption,only,appear
366,besides,exports,consequently,any,color,conclusion,value,war
367,effects,previously,value,high,agriculture,same,indeed,religious
368,sufficient,to,gives,well,former,duty,were,affairs
369,legal,etc,four,forth,allowed,productive,profit,first
370,should,that,solely,distinguished,often,whole,reason,when
371,working,by,double,did,sure,forth,conclusions,similar
372,free,against,loss,american,articles,thought,practice,idea
373,were,probably,points,custom,expressed,having,what,institutions
374,woman,progress,connected,metaphysical,at,was,fully,established
375,work,most,general,reference,great,desire,must,sentiments
376,persons,once,standard,strength,processes,my,rights,value
377,bound,industry,mode,s,linen,influences,c,show
378,become,than,principle,derived,up,capacity,purely,here
379,changes,whole,new,carried,fact,life,founded,principle
380,given,lower,ordinary,period,rights,years,modern,rule
381,takes,home,employment,main,so,assumption,mr,specific
382,both,considerations,result,several,character,out,down,either
383,improvement,let,writers,have,result,fact,distinct,until
384,read,perhaps,each,call,how,against,how,direct
385,either,liberty,compared,came,sum,being,on,came
386,own,rise,quantity,acts,cloth,custom,iron,american
387,take,come,food,were,valuable,poor,main,meant
388,gave,operation,termed,having,predicate,work,correct,will
389,others,extreme,consideration,rather,other,let,say,middle
390,any,method,iv,sole,us,arguments,attributes,points
391,habits,an,produce,purpose,senses,employed,choice,my
392,d,sun,empirical,existing,society,together,characteristic,products
393,wife,shows,resemblance,because,father,non,doing,main
394,cause,distinction,class,but,order,portion,for,them
395,may,scale,mankind,for,institutions,proper,pay,questions
396,governed,formed,producing,nor,instead,added,best,purely
397,took,found,or,stand,included,contrary,neither,those
398,another,precious,treatise,nothing,thought,reality,completely,remain
399,divided,opinion,currency,some,although,nearly,la,from
400,desire,two,invariable,property,writer,system,tax,other
401,make,wages,universal,original,highly,account,actions,should
402,attained,however,most,previous,equally,loss,greatly,distinct
403,existed,able,imports,standard,shows,change,m,argument
404,where,reduced,on,otherwise,our,comes,goods,chapter
405,has,rate,taxes,time,said,opinions,know,by
406,four,claim,uniformity,while,since,whatever,depends,powers
407,having,from,words,capable,with,public,than,government
408,powers,though,smaller,seem,operation,while,points,national
409,depends,pay,land,with,true,ricardo,good,accordingly
410,must,complete,water,points,germany,besides,books,believed
411,individuals,rather,saving,more,when,applied,modes,book
412,person,due,war,hardly,hands,condition,definition,doing
413,three,account,de,beginning,speculation,ratio,expression,materials
414,hand,makes,legal,practically,apparent,wholly,uniformities,generalizations
415,joint,best,language,than,carried,rather,foreign,having
416,powerful,terms,beginning,consideration,perfectly,influence,side,england
417,force,done,are,independent,thinking,language,am,qualities
418,whom,one,became,which,d,read,precisely,manner
419,certain,reasoning,specific,entire,nothing,articles,admit,price
420,without,who,advance,else,less,similar,government,place
421,evil,with,laborers,examination,party,partly,be,joint
422,some,series,wholly,direction,edition,doctrine,get,things
423,generally,go,place,clear,existing,consciousness,average,mere
424,simply,knew,direct,experience,we,altogether,thus,called
425,came,seemed,commonly,five,producers,taken,community,different
426,degree,giving,those,accordingly,more,examination,days,interests
427,does,suppose,earth,respecting,possible,process,find,relation
428,towards,instance,method,always,poor,merely,apply,two
429,every,himself,mind,apply,duties,intended,grounded,giving
430,local,yet,full,render,physical,thus,institutions,choice
431,toward,would,effect,it,e,between,far,countries
432,depend,larger,geometry,industrial,between,various,afford,between
433,interests,element,sense,modes,supposition,me,does,new
434,alone,taking,by,until,while,give,moral,allowed
435,earth,well,senses,matter,m,philosophy,tendencies,consumption
436,strength,sense,amount,reason,provided,find,certainty,cent
437,side,scarcely,examples,conclusions,causation,certain,not,history
438,obtained,field,during,branch,them,stand,express,employ
439,society,public,beings,common,sufficiently,rent,render,analysis
440,hope,important,exclusively,unless,commodities,turn,relation,virtue
441,acts,some,s,idea,sentiments,through,sufficiently,methods
442,entire,assumed,from,included,latter,governed,places,taken
443,public,through,due,are,then,know,type,germany
444,old,making,family,nearly,out,immediate,strength,credit
445,entirely,admitted,book,thrown,greater,others,et,gives
446,intelligence,again,period,no,was,reason,comparison,obtain
447,exclusively,side,concerning,been,may,doctrines,show,himself
448,etc,thought,observations,expect,follows,description,sir,merely
449,themselves,small,causation,notes,connection,iv,alone,state
450,property,both,larger,such,empirical,taxation,perhaps,written
451,find,him,other,advantages,instance,states,will,wife
452,might,sole,according,appeared,important,senses,house,etc
453,capable,experiments,former,reasons,prices,also,intended,minds
454,private,attempt,term,established,though,apparent,easily,succession
455,requires,classification,higher,indeed,such,instances,agents,carried
456,long,more,silver,whole,moment,exchange,false,four
457,different,highest,rest,not,commonly,liberty,clear,she
458,better,follows,labour,small,life,believe,possess,his
459,influences,how,experiments,part,act,some,generalizations,therefore
460,two,life,all,sure,only,means,that,express
461,later,countries,render,though,having,occasion,same,shall
462,certainly,cost,places,moment,place,character,former,seem
463,control,usually,together,usually,point,perfectly,ratio,end
464,circumstances,distribution,line,appear,english,intellect,together,and
465,few,extension,kind,duties,people,foundation,determine,beings
466,look,definition,which,use,speculations,point,ideas,tax
467,acquired,deductive,with,get,also,think,then,whose
468,causes,evident,credit,principal,much,a,complex,due
469,then,get,law,equally,governed,space,demand,space
470,itself,capital,carried,evils,exception,making,found,make
471,whatever,is,personal,after,reasons,amount,there,received
472,there,strongest,two,long,in,reasons,conceptions,never
473,possibly,wholly,importance,by,certainty,should,practically,certainly
474,put,divided,own,ordinary,always,produce,represented,weight
475,probability,which,expense,language,perfect,inference,parts,successive
476,those,arguments,books,our,chance,good,united,ascertained
477,always,many,belongs,besides,effect,average,remain,the
478,government,where,exchange,every,arguments,authority,rise,because
479,space,familiar,benefit,industry,whenever,whose,business,producers
480,do,whose,average,very,let,because,commerce,classes
481,existing,appear,change,comte,little,review,hundred,fully
482,e,importance,common,bring,laborers,freedom,share,which
483,state,opinions,our,rule,speak,fit,opinions,order
484,future,consideration,published,so,association,towards,form,supposed
485,way,longer,logical,country,follow,received,de,agents
486,did,sufficiently,success,discussion,enough,measure,latter,statement
487,things,our,several,look,from,treatise,bear,line
488,expected,drawn,motion,way,will,into,europe,classification
489,support,abstract,agreement,degree,direction,really,able,social
490,left,government,greater,when,speaking,an,where,inductions
491,done,influence,payment,afford,capable,habit,writings,consumed
492,since,application,chapter,agents,drawn,concerning,s,unless
493,line,successive,involved,france,under,does,did,correct
494,soon,unproductive,above,due,became,toward,see,cost
495,success,advantage,demand,pass,liable,peculiar,appear,while
496,very,prices,interest,a,progress,under,ground,conclusions
497,limit,fall,within,phaenomena,look,original,philosophy,suppose
498,freedom,if,both,sense,line,desirable,speculations,effect
499,therefore,priori,included,upon,indeed,formation,nothing,tendencies
500,kinds,practical,doctrines,ones,well,employments,opinion,past
501,qualities,contrary,age,formation,interests,came,in,just
502,place,place,wages,differ,really,whenever,operations,full
503,been,applied,considerable,events,case,equally,familiar,properties
504,places,change,applicable,at,doubt,put,silver,think
505,taken,ground,perfect,consequences,established,leading,worth,variations
506,into,additional,half,require,except,school,notes,experiment
507,likely,it,laborer,know,metaphysical,inductions,ten,i
508,like,probable,formed,foundation,contrary,absolutely,theory,happiness
509,successive,large,sensations,could,short,comparison,such,administration
510,end,carried,some,less,fall,employment,or,rate
511,man,demand,definition,being,shall,proof,economic,attempt
512,great,profits,external,generalizations,external,solely,professor,consequently
513,once,enough,happiness,scale,attribute,always,machinery,if
514,result,give,itself,general,experiment,see,application,taking
515,rights,entire,apparent,subject,admit,said,respect,inquiry
516,single,regarded,determine,various,social,beings,science,actual
517,except,duty,attributes,in,thus,english,strong,invariable
518,let,obtained,protection,condition,than,invariable,their,general
519,corresponding,characteristic,facts,treatise,ratio,full,metals,reason
520,sentiments,forms,carry,observations,every,tends,smaller,animal
521,what,production,second,specific,professor,whether,proposition,observation
522,faculties,tax,phenomenon,on,usually,considered,sure,above
523,nothing,what,numerous,art,sensation,france,test,false
524,little,considered,corn,senses,everything,book,feelings,property
525,require,payment,particular,where,property,purposes,himself,inductive
526,never,so,practice,admitted,has,with,says,self
527,come,acquired,greatly,has,would,regarded,man,only
528,between,show,names,of,if,again,each,could
529,himself,but,free,sensations,values,agents,material,properly
530,moment,intelligence,priori,compared,regarded,alone,allowed,political
531,made,moment,upon,neither,goods,chap,very,human
532,just,need,called,sufficient,represented,later,examination,way
533,follow,essential,philosophers,laborers,suppose,element,highest,sensation
534,next,whom,explanation,makes,difficult,kinds,deductive,making
535,previously,labor,necessarily,perfectly,occasion,proportion,tend,me
536,position,nation,past,what,original,administration,income,particular
537,this,increased,simple,still,something,constitution,industrial,assumption
538,none,could,applied,either,because,she,corn,stated
539,now,education,discussion,as,stage,french,treatise,investigation
540,direct,compared,matters,doctrine,inferior,world,admitted,indirect
541,consequent,consider,governed,chap,arising,simple,we,agree
542,within,generalizations,attention,spencer,call,nothing,since,syllogism
543,such,cultivation,indispensable,one,over,money,while,good
544,against,own,antecedent,taking,functions,speculations,chemical,permanent
545,nor,non,article,skill,religious,ii,description,sufficiently
546,intended,too,course,states,human,capable,whatever,old
547,feel,never,light,other,example,main,desirable,consequent
548,our,high,terms,review,supposed,conceptions,standard,connected
549,good,think,writings,longer,ascertain,consider,whether,others
550,protection,induction,additional,possibility,off,light,living,bad
551,under,entirely,lower,credit,forth,ought,genus,actually
552,women,same,strongest,before,attention,both,proper,comes
553,example,under,comes,economy,joint,commodity,capacity,produced
554,knew,saving,increased,things,useful,from,land,existing
555,direction,understood,rather,functions,as,upon,number,another
556,yet,generally,a,back,sun,paper,virtue,simple
557,sometimes,be,notes,stage,however,i,follow,admit
558,even,willing,absolute,processes,left,question,meaning,uniformity
559,followed,expenditure,distinction,far,mark,unknown,quality,really
560,possess,its,limit,enable,conclusion,morality,no,sum
561,variations,consists,individual,quite,review,although,members,entitled
562,independent,should,profits,without,certainly,sure,them,subject
563,determine,elements,an,source,member,knew,small,had
564,progress,men,propositions,direct,observation,case,word,society
565,pass,less,while,would,grounded,only,carry,hope
566,whether,employment,conception,the,profit,premises,induction,tendency
567,indirect,belief,become,short,home,given,about,considered
568,short,b,account,leading,belongs,commerce,right,conclusion
569,french,amount,subject,perhaps,mental,joint,have,truths
570,administration,proper,women,only,mind,europe,laws,unproductive
571,you,industrial,theory,wholly,force,probability,food,natural
572,men,intended,color,required,nature,matter,inductive,as
573,rest,every,turn,represented,or,assumed,employment,duty
574,among,definitions,brought,whenever,advantages,doing,from,reduced
575,means,difficulty,return,soon,longer,once,cost,provided
576,still,far,connection,side,step,effect,principal,proper
577,liable,wealth,every,if,affirm,happen,to,equal
578,directly,share,equal,lower,being,distribution,except,real
579,solely,still,generalization,actual,entirely,industries,france,control
580,actual,income,sir,express,involved,speaking,metaphysical,change
581,we,family,almost,low,consequently,properly,impossible,de
582,l,addition,consequence,means,thing,mere,almost,benefit
583,part,between,goods,might,must,last,doctrine,apparent
584,ever,nothing,hitherto,average,expense,what,instances,intended
585,seldom,mean,nearly,progress,extreme,religious,wholly,linen
586,highest,only,is,sort,partly,operation,mean,he
587,previous,notion,like,object,equality,prevent,example,chief
588,cannot,ever,rate,both,consideration,small,if,afford
589,act,we,later,natural,comte,false,necessary,known
590,international,similar,these,received,desirable,conceive,freedom,per
591,intellect,us,established,limits,house,materials,reasoning,physical
592,almost,machinery,his,take,lower,for,perfectly,beyond
593,relation,mode,her,these,producing,concerned,states,public
594,motion,hitherto,house,measure,feel,is,market,moral
595,exists,consumption,notion,conception,bear,principal,altogether,tends
596,account,grounds,negative,producers,limits,benefit,consistent,takes
597,my,form,being,raise,do,actions,should,after
598,life,even,days,grounded,consumed,perhaps,probably,processes
599,s,bring,writer,once,qualities,suppose,keep,names
600,fit,becomes,exists,cent,put,chiefly,skill,greatly
601,provided,therefore,set,countries,think,statement,white,empirical
602,thing,man,quality,says,their,when,one,philosophers
603,also,almost,gave,relations,average,everything,makes,fundamental
604,reason,parts,manner,go,following,tendency,empirical,propositions
605,industrial,meant,many,admit,common,follow,property,interest
606,altogether,results,money,mode,applied,gold,little,consideration
607,thus,commonly,has,how,far,land,assumed,alone
608,further,geometry,cultivated,can,which,seems,everything,experimental
609,included,interest,same,determined,population,rate,similar,such
610,say,comparison,usually,from,state,by,benefit,beginning
611,natural,become,toward,an,conditions,way,nor,desire
612,how,land,observation,paid,subject,has,assert,or
613,use,simply,end,animal,variations,return,affirm,cloth
614,lines,like,gold,principles,sort,nations,follows,necessity
615,merely,single,shows,existed,la,special,duty,who
616,relations,mark,use,gain,nor,difference,suppose,proved
617,meant,number,next,physical,need,effects,arising,payment
618,ought,all,absence,dependent,produce,them,under,reality
619,absolute,exactly,founded,just,origin,step,towards,instance
620,characters,not,virtue,mere,either,ordinary,five,speaking
621,desirable,belongs,conclusions,out,conceptions,distinction,objects,placed
622,new,included,expression,loss,length,reference,make,can
623,know,intellectual,grounded,inductions,done,subjects,advanced,utility
624,exist,conceptions,parliament,m,leading,numbers,gold,further
625,scarcely,necessity,produces,altogether,large,speak,with,itself
626,equally,meaning,religion,something,should,might,but,sufficient
627,ground,ratio,rent,be,strong,shall,times,test
628,usually,or,least,form,politics,silver,concerning,present
629,third,constitution,more,utility,best,saving,rest,labour
630,published,these,difference,provided,l,on,expect,makes
631,valuable,may,very,necessity,fallacy,yards,possible,abstract
632,render,hardly,prices,positive,division,may,some,marks
633,believed,people,equivalent,understood,commerce,immediately,appears,logical
634,intellectual,inductions,best,commerce,particular,test,natural,unknown
635,shall,better,given,view,respect,understood,positive,substances
636,rather,premise,produced,said,quality,unless,separate,production
637,beginning,none,since,arguments,chapter,known,old,mental
638,class,moral,following,really,employed,depends,respecting,three
639,case,truth,mill,connected,fit,success,formation,excess
640,too,no,substance,hand,too,first,provided,cause
641,mankind,cannot,judgment,notion,total,were,agricultural,thus
642,thoughts,rule,object,wealth,generalization,former,obtain,m
643,consists,low,real,directly,neither,support,numbers,men
644,sun,according,latter,analysis,down,logic,payment,with
645,myself,easily,mere,connotation,feeling,division,fallacy,la
646,though,because,my,extension,single,left,obtained,also
647,reference,division,either,necessary,actions,iii,producing,low
648,father,among,certainty,origin,competition,place,being,its
649,authority,supply,bentham,experiments,absolutely,those,might,high
650,beings,believe,living,down,individual,determined,can,chiefly
651,parts,there,makes,gives,obtained,observed,co,produce
652,affirmed,produced,d,properly,cause,without,total,industrial
653,happiness,light,years,industries,operations,state,individual,places
654,elements,employed,purpose,nature,back,clear,supposing,have
655,felt,private,employed,into,dependent,generalization,thousand,color
656,namely,proposition,england,ourselves,country,likely,illustration,during
657,course,premises,custom,absolute,me,view,always,to
658,i,words,capable,seems,influence,old,influences,article
659,contrary,called,affect,pay,concrete,quantity,would,consequence
660,latter,ordinary,up,extent,regard,its,made,notion
661,operations,imports,to,hitherto,material,wages,social,scientific
662,naturally,improvement,capitalist,limited,evident,illustration,look,day
663,requisite,thinking,extreme,account,gain,country,premise,seen
664,virtue,utility,present,greater,find,valuable,agriculture,et
665,events,mind,things,middle,deductive,supposition,it,now
666,manner,development,idea,called,determined,exact,greatest,series
667,possible,hypothesis,circumstance,united,require,had,intellectual,world
668,possibility,assumption,opinions,am,be,if,inductions,machinery
669,something,explanation,ascertained,within,corresponding,priori,directly,consists
670,speak,authority,regard,tend,namely,consumed,seldom,house
671,see,greater,towards,places,considered,founded,minds,illustration
672,neither,toward,certain,attributes,willing,did,means,may
673,present,set,home,name,nation,respecting,species,professor
674,past,employ,useful,particular,receive,true,question,treatise
675,these,modes,considered,that,respecting,itself,complete,former
676,choice,equal,another,shall,say,arising,personal,distinguished
677,wrong,imported,considerations,doubt,produces,ground,case,office
678,really,greatest,cases,income,conceive,therefore,price,character
679,field,purposes,sort,its,man,placed,conduct,country
680,written,course,pass,force,terms,beginning,large,liberty
681,sure,applicable,less,impossible,active,political,subject,comte
682,common,often,enable,bodies,heat,rule,scarcely,total
683,especially,other,rich,reality,otherwise,among,generalization,people
684,expect,respecting,work,say,political,regard,open,being
685,order,legal,bring,contrary,bring,evil,again,existed
686,chief,difference,thus,expense,classification,actually,even,proof
687,constitution,within,feeling,sciences,et,make,negative,whole
688,seen,support,immediately,mean,by,produced,believe,study
689,last,given,also,supposed,reference,error,half,d
690,genus,formation,paper,properties,smaller,rules,ii,termed
691,kind,upon,future,found,bound,than,control,myself
692,review,general,down,remain,whether,market,already,five
693,held,believed,illustration,already,distribution,standard,scale,yet
694,body,necessary,for,circumstances,science,gain,her,was
695,used,food,first,course,materials,well,exception,increased
696,supposing,receive,choice,abstract,whole,worth,great,purposes
697,species,besides,commodity,belongs,called,open,out,am
698,many,always,experiment,parts,stated,propositions,third,gain
699,clear,properly,obtained,order,tend,united,later,of
700,mean,state,wife,probable,mill,free,mere,admitted
701,far,useful,name,thing,success,logical,advantage,long
702,second,classes,means,whatever,used,moral,least,connection
703,hold,least,year,thousand,chief,american,thing,agricultural
704,strong,true,than,error,rather,competition,feel,exact
705,several,case,five,may,but,existed,exact,edition
706,highly,position,few,also,de,though,this,non
707,claim,experiment,one,changes,not,large,call,divided
708,mark,derived,off,why,universal,derived,capable,increasing
709,affairs,morality,concerned,classification,fundamental,sole,effects,especially
710,chiefly,agricultural,example,does,proportion,society,phenomena,among
711,useful,members,desires,test,considerable,utility,liberty,stand
712,external,art,took,truths,you,notion,iv,sure
713,comparison,changes,last,you,open,compared,motive,universal
714,sole,must,possess,light,and,impossible,extreme,geometry
715,shown,success,high,names,due,all,sum,intelligence
716,attention,conclusion,income,exist,tendency,believed,shall,easily
717,open,concerned,required,itself,s,economy,his,l
718,separate,minds,persons,partly,can,remains,greater,followed
719,connotation,origin,office,half,appears,habits,mill,without
720,combination,equivalent,generally,consider,kind,but,enable,published
721,forms,expense,poor,now,mr,art,prevent,thinking
722,individual,apply,low,peculiar,hold,external,discussion,perfectly
723,sensation,white,justice,advance,living,consequence,name,instead
724,derived,another,e,foreign,woman,machinery,assumption,represented
725,point,can,people,together,paid,conditions,a,say
726,show,increase,where,twenty,given,took,connected,reasoning
727,former,sometimes,reasoning,forms,derived,do,experimental,body
728,set,conceive,only,liable,purely,exist,chap,fit
729,substance,subjects,kept,mr,change,must,strongest,philosophy
730,said,extent,besides,is,matter,longer,predicate,many
731,real,name,made,considered,philosophy,wealth,done,person
732,first,justice,utility,characteristic,that,useful,known,over
733,condition,observed,inductions,there,am,led,phaenomena,knowledge
734,hardly,consumed,description,consistent,high,any,active,individuals
735,similar,poor,except,manner,agreement,exception,wealth,feeling
736,best,might,at,drawn,pay,able,matter,assertion
737,middle,description,profit,easily,american,most,production,exercise
738,respect,altogether,doctrine,increasing,consider,cannot,yet,that
739,right,association,consistent,hundred,desires,uniformities,forth,mankind
740,writings,smaller,as,principle,affairs,classification,either,special
741,however,rules,preceding,de,take,themselves,give,once
742,purpose,everything,examination,difficult,non,circumstances,asserted,be
743,self,business,themselves,according,dr,mental,derived,for
744,sort,arising,sensation,applied,proposition,no,connotation,population
745,source,portion,rule,founded,faculties,spirit,supply,an
746,extension,places,was,element,prevent,carry,proof,moment
747,party,each,gain,laid,unless,her,he,affirm
748,easily,reasons,any,iii,quantity,agreement,error,expression
749,us,ought,instances,book,exports,during,non,given
750,habit,relation,time,goods,any,education,possibly,evils
751,differences,distinct,fall,used,conclusions,facts,iii,poor
752,entitled,means,men,proportion,side,held,take,economy
753,books,perfect,requires,articles,profits,none,bill,original
754,general,together,although,difficulty,her,reasoning,by,e
755,found,over,making,taken,make,politics,wife,would
756,need,make,member,science,possibility,duties,woman,fixed
757,early,whenever,represented,land,constitution,to,intellect,said
758,circumstance,habit,matter,times,belief,get,happiness,always
759,dependent,truths,necessary,again,community,indispensable,exports,expenditure
760,particular,natural,self,each,rate,women,claim,became
761,necessary,existed,been,necessarily,he,profits,otherwise,appears
762,combined,consistent,such,taxation,law,their,statement,mode
763,differ,completely,entirely,amount,gave,advantages,judgment,combination
764,consideration,laborers,similar,pp,directly,necessarily,powers,logic
765,conditions,women,support,supposing,extent,why,exist,whom
766,succession,opposite,familiar,advantage,opinion,few,portion,but
767,difficult,look,short,different,development,self,whole,next
768,god,certainly,ascertain,laborer,view,labor,instead,regarded
769,principal,does,step,immediately,himself,became,person,any
770,sensations,representative,per,will,higher,method,thinks,whenever
771,white,person,induction,see,superior,indirect,order,at
772,regard,strong,experience,assert,requisite,additional,desire,education
773,supposition,fixed,necessity,divided,examination,appeared,additional,certain
774,importance,sufficient,m,place,show,indeed,industry,shown
775,me,take,desire,ii,applicable,national,faculties,power
776,representative,force,times,payment,interest,principle,capital,happen
777,placed,competition,must,evidence,permanent,events,own,evil
778,down,speaking,were,answer,reason,done,due,find
779,here,consequently,far,whether,affect,social,circumstances,family
780,difficulty,numerous,complete,agree,industrial,absolute,another,principal
781,ones,habits,father,tends,larger,in,every,strength
782,co,products,want,find,this,quite,independent,double
783,seemed,being,whether,bill,experimental,bear,representative,result
784,association,involved,placed,obtain,study,changes,seen,substance
785,properties,god,taken,england,legal,writers,when,phenomenon
786,et,space,cause,truth,on,analysis,saving,although
787,bodies,are,single,definitions,work,are,connection,resemblance
788,heat,society,therefore,sun,comes,new,purpose,laborers
789,quite,keep,may,employments,bill,theory,ascertain,loss
790,taxation,quite,properly,mill,price,differences,sufficient,exception
791,development,earth,merely,possible,representative,law,produce,no
792,impossible,remain,way,conceive,special,not,proved,observed
793,instance,without,beyond,rate,strongest,certainty,seems,truth
794,objects,hold,comte,type,go,written,became,advantages
795,consequences,difficult,word,permanent,advantage,where,i,difficulties
796,rule,instances,take,larger,assertion,certainly,intelligence,lower
797,accordingly,exists,previously,inductive,fixed,matters,beings,foundation
798,received,conclusions,remains,merely,reduced,fundamental,she,consistent
799,drawn,call,came,certain,greatly,examples,party,produces
800,difficulties,supposition,possible,depend,else,probable,work,whatever
801,well,various,led,indispensable,consequent,scale,evils,equality
802,forth,values,sole,us,name,source,ourselves,twenty
803,appear,agreement,meaning,requires,distinction,time,mankind,quite
804,minds,alone,keep,observation,grounds,these,manner,commodity
805,spirit,way,lines,instead,religion,ascertain,resemblance,asserted
806,writer,right,accordingly,ricardo,greatest,up,permanent,used
807,phaenomena,cultivated,there,smaller,loss,take,weight,attributes
808,action,average,probability,comes,remains,better,argument,wealth
809,evident,concerning,thrown,successive,termed,intellectual,degree,members
810,mill,exact,further,set,the,then,expected,claim
811,probable,social,mr,investigation,notes,apply,let,rather
812,stand,allowed,hundred,sensation,foreign,many,character,case
813,connection,matters,point,first,it,practically,sole,school
814,meaning,stand,syllogism,experimental,relation,industry,facts,women
815,operation,law,having,number,economy,we,came,in
816,branch,loss,regarded,materials,a,numerous,first,applicable
817,law,direct,germany,known,ultimate,expect,into,object
818,conceive,any,inference,new,absence,admitted,second,producing
819,remains,variations,rise,substances,food,origin,evil,habit
820,words,manner,raise,differences,moral,powerful,seemed,formation
821,purposes,empirical,open,return,error,above,conclusion,peculiar
822,consciousness,connotation,had,asserted,therefore,it,thoughts,philosophical
823,whenever,weight,price,per,trade,found,causation,conception
824,evils,seem,consumed,equal,system,branch,making,made
825,animal,equally,unknown,numbers,investigation,excess,difficulties,opposite
826,modern,remuneration,long,exception,she,willing,particular,time
827,limits,simple,question,unknown,alone,causes,course,might
828,agree,institutions,man,alone,inquiry,especially,commodity,practically
829,feelings,false,belief,theory,depend,natural,imports,it
830,conduct,they,still,must,inference,of,him,popular
831,difference,equality,well,affirm,founded,such,consideration,characters
832,substances,except,case,this,low,attempt,parliament,far
833,applied,improvements,fact,however,impossible,and,writer,form
834,most,mental,instead,profit,no,more,combined,true
835,practice,indirect,imported,above,capital,moment,quantity,material
836,sense,inference,against,competition,supposing,modern,causes,religion
837,actions,indeed,afford,paper,exclusively,universal,fixed,last
838,peculiar,self,even,actually,exchange,importance,anything,absence
839,mental,required,cloth,thus,rise,there,could,nothing
840,de,immediately,tax,equality,course,doubt,read,advantage
841,human,character,differ,phenomena,negative,this,supposition,found
842,numerous,operations,but,tendency,philosophical,specific,member,applied
843,seem,benefit,reduced,word,increasing,liable,myself,been
844,regarded,likely,motive,species,action,minds,pass,some
845,appeared,tendency,obtain,capitalist,illustration,appears,exists,so
846,la,attained,bear,distinct,imports,early,national,numbers
847,think,direction,have,universal,ought,end,appeared,purpose
848,book,actually,sun,iv,principles,faculties,results,second
849,cases,such,receive,same,specific,us,its,land
850,follows,bound,out,another,condition,institutions,consciousness,superior
851,considered,motion,without,term,properly,at,too,remains
852,strongest,continue,c,days,treatise,trade,account,clear
853,often,beyond,duty,becomes,extension,cases,double,involved
854,tendencies,namely,instance,succession,keep,purely,authority,one
855,occasion,knowledge,who,addition,taxes,expense,previously,improvements
856,instances,powerful,completely,we,pp,physical,reality,entire
857,stage,you,practically,products,what,as,nation,commonly
858,liberty,commodities,directly,absolutely,local,proved,published,yards
859,bad,quantity,does,complex,obtain,appear,part,higher
860,sufficiently,expected,require,ultimate,knowledge,prove,answer,limit
861,known,assertion,cent,chemical,why,advantage,indispensable,party
862,motions,majority,paid,since,him,less,instance,return
863,formed,order,yet,simply,person,cost,soon,concerned
864,color,common,existed,white,possession,very,custom,pleasure
865,indeed,itself,known,l,determine,that,any,examples
866,unknown,result,after,machinery,entitled,acquired,prove,become
867,certainty,those,grounds,p,says,almost,thought,france
868,edition,proved,whatever,separate,to,often,hope,even
869,ricardo,instead,day,sometimes,intellect,requisite,association,seems
870,series,particular,so,words,p,bring,upon,proposition
871,call,supposed,others,year,acts,war,consequence,persons
872,explain,mere,employ,false,spirit,they,country,active
873,admitted,duties,alone,real,habit,hold,put,life
874,illustration,matter,provided,single,get,order,evidence,employments
875,bentham,living,this,step,whewell,commodities,increased,ratio
876,mind,merely,express,applicable,capacity,direct,judge,thing
877,believe,persons,twenty,similar,consistent,complete,edition,c
878,mere,enable,apply,last,without,neither,law,where
879,antecedent,indispensable,much,point,process,days,hardly,early
880,existence,why,will,elements,just,least,gives,understood
881,thinkers,nor,hand,employed,assumption,never,review,evident
882,doubt,inferior,b,productive,improvement,truth,position,example
883,according,obvious,laid,expenditure,agricultural,evidence,doubt,acquired
884,chap,seldom,drawn,immediate,currency,experiments,at,politics
885,already,experience,followed,toward,intended,can,experiments,increase
886,various,known,attribute,proof,sir,have,condition,impossible
887,marks,depends,altogether,follow,land,general,lines,hitherto
888,feeling,placed,thousand,involved,above,development,human,average
889,called,distinguished,would,edition,market,phenomena,entirely,years
890,writers,effect,possibility,next,ii,period,preceding,progress
891,system,tends,test,taxes,field,sufficient,observations,food
892,thinks,proof,written,capital,book,hypothesis,difficulty,process
893,judge,limit,them,absence,hardly,agriculture,mental,latter
894,name,taxes,better,shows,anything,variations,produces,added
895,mr,corresponding,be,apparent,share,linen,affirmed,induction
896,iv,produces,received,marks,difference,become,taken,this
897,distinguished,fact,contrary,happen,limited,would,us,none
898,ii,raise,continued,ground,see,grounds,certain,intellectual
899,speaking,names,explain,remuneration,production,highly,family,except
900,special,observation,thought,meaning,attempt,currency,truth,standard
901,idea,advantages,bad,motions,complete,principles,corresponding,expense
902,form,rest,arguments,expressed,method,nature,way,development
903,commonly,produce,claim,la,truth,field,become,formed
904,shows,prove,what,possibly,power,provided,thinking,necessary
905,invariable,water,when,fixed,hope,possibility,sensations,besides
906,education,turn,can,expression,entire,observations,operation,sciences
907,belongs,power,follows,genus,for,tend,mode,capable
908,attempt,possible,should,distinction,pleasure,the,written,days
909,apply,wrong,fallacy,employment,peculiar,explain,field,ever
910,consider,doubt,mark,agriculture,of,correct,been,concrete
911,fully,productive,side,essential,term,determine,father,meaning
912,true,lines,good,double,an,dependent,has,difference
913,laws,express,difficulty,correct,exercise,since,chance,thought
914,experiments,their,highly,existence,mode,our,excess,highest
915,original,sort,no,market,way,extension,conditions,enough
916,iii,anything,predicate,resemblance,priori,course,branch,something
917,laid,feeling,added,change,scientific,real,our,year
918,experiment,reason,always,between,intellectual,operations,speculation,intellect
919,opinion,judgment,back,given,cultivation,already,history,cultivation
920,p,circumstance,ricardo,space,wages,important,go,forms
921,necessity,naturally,ground,considerations,god,attention,limit,use
922,senses,senses,exception,consequence,here,induction,becomes,language
923,thinking,connection,opinion,consumption,language,which,feeling,hypothesis
924,element,consequence,truth,food,clear,history,assertion,times
925,completely,perfectly,statement,trade,object,rest,expense,nearly
926,exact,type,continue,evident,evidence,consistent,chapter,half
927,attributes,apparent,too,combined,toward,study,next,sometimes
928,seems,increasing,whewell,et,justice,depend,animal,longer
929,knowledge,predicate,exist,ten,importance,could,never,possession
930,object,want,held,material,idea,science,probability,equivalent
931,extreme,co,before,affirmed,discussion,requires,without,compared
932,hitherto,find,observed,iron,upon,after,physical,method
933,answer,whether,evidence,experiment,against,familiar,takes,ordinary
934,phenomenon,explain,dr,economic,its,causation,taking,though
935,popular,negative,attained,population,labor,supposed,single,metaphysical
936,professor,asserted,though,uniformities,understood,ones,possession,industry
937,functions,mankind,whom,results,demand,will,water,every
938,word,neither,assumption,geometry,description,latter,unless,source
939,reasons,reference,not,laws,productive,experiment,opposite,least
940,following,complex,that,money,simply,brought,shown,individual
941,distinct,doing,reality,weight,industry,so,last,nation
942,terms,universal,entitled,concrete,whatever,imported,cultivation,white
943,concerned,them,whenever,prove,essential,need,produced,parliament
944,opinions,admit,thinking,forces,merely,otherwise,tends,complex
945,am,feel,death,fundamental,virtue,international,continue,most
946,proved,genus,see,affect,his,consequently,was,age
947,speculation,events,linen,improvements,forms,mankind,education,has
948,uniformities,either,until,earth,own,difficulties,up,division
949,understood,thing,simply,methods,popular,be,conceive,few
950,light,different,none,question,economic,value,senses,living
951,absolutely,determined,already,meant,according,entirely,system,b
952,express,substance,follow,extreme,bentham,iron,study,saving
953,question,proportion,remain,uniformity,abstract,obtain,added,inference
954,ascertained,object,says,true,general,chapter,long,obtained
955,history,really,give,non,free,previously,formed,almost
956,political,propositions,they,three,itself,production,left,since
957,examination,impossible,pleasure,produced,conduct,seemed,brought,means
958,non,separate,strong,case,education,cloth,considerable,predicate
959,religion,cases,correct,conditions,explanation,england,years,rich
960,institutions,peculiar,evil,facts,better,philosophical,else,want
961,distinction,know,stand,simple,apply,previous,absence,however
962,absence,intellect,error,series,strength,human,motions,profit
963,connected,otherwise,we,continue,international,made,immediate,require
964,consistent,community,difficult,consumed,immediate,industrial,affairs,antecedent
965,led,partly,expressed,determine,powers,complex,priori,share
966,says,condition,premises,silver,cost,inductive,simply,work
967,philosophers,skill,sufficiently,imported,word,material,home,anything
968,chapter,forces,proof,opposite,increased,phaenomena,result,seldom
969,moral,judge,fit,additional,wrong,even,an,done
970,character,joint,liable,consequently,ricardo,necessity,extent,affirmed
971,sir,sensation,bill,certainty,government,back,attention,distinction
972,term,chance,worth,stated,does,inferior,inference,possibility
973,ideas,quality,us,fact,exact,length,circumstance,extent
974,important,personal,might,further,doing,difficulty,something,cases
975,argument,solely,attempt,precisely,cannot,been,measure,often
976,prove,sentiments,appeared,article,seems,nor,nature,respect
977,subjects,local,actually,prices,tax,demand,explanation,quantity
978,nature,real,act,show,wife,within,succession,absolutely
979,attribute,exclusively,consider,tax,personal,ultimate,off,element
980,speculations,consciousness,obvious,two,mean,products,hands,need
981,results,test,spencer,example,raise,laid,improvements,labor
982,questions,motions,supposition,takes,private,required,entire,strong
983,matter,pleasure,assumed,ascertain,question,considerations,currency,required
984,economy,others,how,indirect,laid,rise,kept,better
985,exception,do,perfectly,co,worth,great,observed,appeared
986,religious,exception,naturally,followed,part,afford,attribute,business
987,ultimate,good,come,chapter,conception,metals,substance,extreme
988,perfectly,influences,prevent,wages,carry,imports,apparent,already
989,established,unless,yards,labor,explain,increase,carried,liable
990,thought,kind,clear,examples,double,smaller,given,success
991,social,requisite,argument,assertion,towards,extreme,addition,is
992,fact,connected,make,inquiry,required,germany,exercise,ten
993,conclusion,prevent,however,logical,portion,intelligence,actually,positive
994,application,towards,assertion,obtained,choice,existing,bring,generally
995,names,cause,he,empirical,hypothesis,definitions,inquiry,description
996,admit,regard,just,kind,taking,probably,before,expected
997,proper,something,if,corresponding,positive,present,origin,else
998,origin,evidence,little,reasoning,mere,still,hitherto,completely
999,justice,grounded,neither,shown,authority,evils,power,hundred
1000,practical,commodity,then,attribute,wealth,now,color,skill
1001,treatise,things,true,induction,spencer,philosophers,my,sense
1002,judgment,require,sufficient,appears,machinery,generally,observation,premise
1003,step,limits,ten,produce,taxation,thinkers,set,a
1004,ascertain,facts,thing,substance,chap,applicable,longer,woman
1005,proposition,reality,put,assumed,prove,little,article,capacity
1006,phenomena,capacity,often,description,addition,tendencies,successive,than
1007,properly,respect,woman,obvious,return,economic,shows,usually
1008,equality,producing,ourselves,deductive,further,discussion,paper,thinkers
1009,opposite,powers,soon,e,logical,supply,state,agreement
1010,observations,absence,shown,although,judge,hope,influence,amount
1011,points,ourselves,chance,cases,induction,difficult,mark,thousand
1012,view,concrete,proposition,propositions,element,price,fact,greatest
1013,expressed,liable,unless,requisite,iii,raise,over,application
1014,appears,themselves,i,kinds,value,continued,specific,very
1015,assert,nature,stated,instance,iv,countries,having,later
1016,perfect,color,precisely,syllogism,income,reduced,occasion,writer
1017,resemblance,class,supposed,depends,purposes,before,had,speculation
1018,description,sure,length,limit,actual,affect,further,art
1019,apparent,species,used,seen,money,exports,foundation,comparison
1020,error,numbers,moment,rise,necessary,past,led,science
1021,m,source,me,hypothesis,wholly,cultivated,success,type
1022,experience,bad,exactly,commonly,public,admit,process,requisite
1023,principle,desire,could,remains,necessarily,local,immediately,capital
1024,school,existing,sometimes,premises,employ,ourselves,war,productive
1025,indispensable,faculties,call,former,intelligence,fall,bodies,member
1026,assumed,precisely,really,agricultural,meaning,population,society,part
1027,hypothesis,freedom,found,price,self,stage,loss,europe
1028,affirm,obtain,right,quality,rule,shows,ever,additional
1029,morality,chemical,himself,added,protection,future,world,there
1030,process,agree,speak,increase,end,seen,short,advance
1031,observed,limited,reasons,combination,answer,much,source,measure
1032,predicate,degree,seen,connection,administration,corn,me,doubt
1033,comte,independent,now,generalization,saving,far,life,error
1034,modes,bodies,shall,excess,meant,however,spirit,reference
1035,preceding,possession,occasion,relation,becomes,go,population,render
1036,fallacy,body,pay,joint,purpose,uniformity,present,instances
1037,termed,certain,person,law,doctrine,greater,gave,shows
1038,study,superior,find,proved,means,home,view,otherwise
1039,definition,causation,hold,observed,absolute,questions,turn,common
1040,essential,human,it,causation,national,laws,felt,definition
1041,assertion,affirm,longer,profits,commodity,here,new,corresponding
1042,doctrines,physical,let,consists,paper,increased,itself,word
1043,arguments,rights,admit,operation,premise,degree,extension,negative
1044,discussion,act,once,increased,want,how,book,becomes
1045,expression,employments,about,supply,logic,show,knowledge,remuneration
1046,asserted,possibility,equally,application,increase,accordingly,office,felt
1047,statement,uniformity,desirable,let,depends,obvious,point,length
1048,main,existence,agree,then,branch,down,action,agriculture
1049,reality,desirable,nor,terms,standard,enable,whenever,powerful
1050,empirical,bear,probably,color,freedom,explanation,back,name
1051,examples,laws,left,circumstance,skill,experimental,place,expressed
1052,inquiry,actual,him,imports,turn,keep,day,motive
1053,belief,evils,did,distribution,proof,affairs,took,possess
1054,uniformity,producers,because,mark,bad,actual,ascertained,ones
1055,politics,permanent,judge,exports,full,ascertained,idea,fallacy
1056,observation,desires,felt,causes,equivalent,perfect,increasing,essential
1057,spencer,property,reason,exactly,takes,expected,uniformity,much
1058,methods,specific,meant,explanation,ground,application,existing,addition
1059,causation,possibly,suppose,ascertained,office,precious,forces,third
1060,leading,antecedent,speaking,exists,solely,investigation,original,man
1061,mode,choice,read,therefore,inductive,seem,followed,little
1062,evidence,kinds,perhaps,termed,reasoning,shown,come,deductive
1063,obvious,individual,evident,demand,form,preceding,tendency,species
1064,pp,affect,go,probability,gives,limited,external,condition
1065,physical,supposing,god,labour,liberty,experience,attempt,belongs
1066,inductions,conditions,appears,cause,indispensable,values,increase,requires
1067,characteristic,conduct,scarcely,fall,benefit,felt,habit,scale
1068,conception,expect,seemed,motion,sufficient,stated,amount,practical
1069,principles,marks,indeed,priori,right,agricultural,full,complete
1070,economic,affairs,affirmed,equivalent,is,considerable,changes,practice
1071,complete,causes,here,argument,good,greatest,mind,spirit
1072,theory,sensations,ought,gold,account,consequences,experience,too
1073,science,special,premise,negative,render,short,reference,assumed
1074,universal,ascertained,everything,agreement,practice,speculation,thrown,employed
1075,premises,absolutely,show,heat,source,geometry,act,worth
1076,processes,feelings,said,producing,labour,increasing,effect,attribute
1077,stated,succession,look,d,credit,food,combination,included
1078,generalizations,effects,do,supposition,business,possibly,line,term
1079,explanation,probability,seldom,commodities,rules,advanced,year,exists
1080,complex,immediate,need,division,judgment,greatly,development,indeed
1081,subject,ascertain,able,suppose,consequence,necessary,existence,generalization
1082,doctrine,affirmed,something,explain,requires,observation,return,great
1083,familiar,ones,she,comparison,control,advance,element,attained
1084,type,consequent,absolutely,definition,supply,methods,moment,scarcely
1085,positive,necessarily,again,inference,excess,cultivation,hypothesis,stage
1086,specific,tendencies,otherwise,value,direct,sciences,improvement,seemed
1087,method,render,seems,proposition,article,conclusions,unknown,more
1088,premise,else,nothing,corn,statement,scientific,acquired,possible
1089,simple,motive,quite,lines,amount,render,pleasure,period
1090,applicable,depend,thinks,exact,advance,kept,giving,proportion
1091,matters,exercise,understood,four,motive,remain,once,still
1092,language,interests,assert,unproductive,making,supposing,until,employment
1093,metaphysical,happen,never,saving,employment,deductive,during,probable
1094,propositions,directly,conceive,premise,duty,foreign,invariable,difficulty
1095,notion,whatever,ever,difference,syllogism,low,heat,valuable
1096,facts,exist,asserted,invariable,real,highest,analysis,familiar
1097,test,tend,get,germany,theory,hardly,possibility,modern
1098,rules,action,white,production,unproductive,soon,notion,step
1099,false,attribute,expected,commodity,sense,extent,comes,advanced
1100,utility,consequences,false,cost,tends,continue,series,community
1101,agreement,fit,hypothesis,preceding,ordinary,off,events,mark
1102,proof,afford,intended,latter,expression,result,after,number
1103,considerations,heat,why,predicate,payment,come,length,single
1104,grounds,determine,allowed,effects,definition,possible,limits,hardly
1105,formation,phenomena,easily,namely,consists,permanent,cause,kind
1106,conclusions,agents,seem,etc,notion,long,through,likely
1107,inference,combined,else,reduced,claim,hitherto,continued,degree
1108,whewell,resemblance,cannot,water,beyond,limit,early,less
1109,purely,evil,fully,following,rent,fully,within,extension
1110,chemical,virtue,done,ratio,foundation,completely,age,obvious
1111,truth,material,admitted,linen,remuneration,require,god,perhaps
1112,involved,strength,likely,here,limit,carried,attained,class
1113,induction,absolute,myself,metals,argument,beyond,conception,useful
1114,fundamental,phenomenon,supposing,currency,indirect,knowledge,consequent,limited
1115,foundation,animal,proved,fallacy,necessity,inquiry,constitution,short
1116,negative,assert,doubt,statement,expenditure,truths,advance,improvement
1117,assumption,governed,mean,assumption,enable,naturally,belief,cultivated
1118,founded,follow,doing,rent,practical,yet,antecedent,genus
1119,dr,objects,appear,sum,consumption,higher,phenomenon,majority
1120,classification,dependent,impossible,effect,art,enough,beyond,important
1121,logic,control,bound,phenomenon,proper,easily,past,probably
1122,conceptions,unknown,probable,instances,principle,skill,step,circumstance
1123,philosophy,acts,prove,result,additional,limits,force,branch
1124,art,circumstances,am,quantity,capitalist,practical,progress,field
1125,sciences,attributes,believe,cloth,analysis,progress,existed,characteristic
1126,concerning,relations,hope,third,custom,high,change,chance
1127,analysis,certainty,willing,international,give,scarcely,body,desirable
1128,philosophical,actions,say,illustration,makes,until,death,connotation
1129,truths,uniformities,conclusion,b,express,ever,time,quality
1130,syllogism,combination,anything,yards,correct,seldom,experiment,probability
1131,grounded,differences,know,conclusion,happiness,evident,light,numerous
1132,reasoning,capable,enough,consequent,evil,established,object,inferior
1133,concrete,differ,possibly,method,morality,empirical,future,indispensable
1134,investigation,ultimate,hardly,process,desire,practice,earth,sort
1135,correct,invariable,affirm,precious,connotation,too,end,large
1136,scientific,substances,think,c,afford,results,direction,portion
1137,abstract,phaenomena,certainly,second,measure,prices,actual,perfect
1138,experimental,provided,believed,arising,thinks,obtained,beginning,certainty
1139,respecting,characters,knew,antecedent,giving,processes,space,greater
1140,definitions,happiness,wrong,total,laborer,lower,sun,smaller
1141,geometry,individuals,expect,line,application,generalizations,stage,difficult
1142,generalization,external,answer,produces,use,sufficiently,sensation,highly
1143,deductive,qualities,happen,exchange,test,improvements,period,importance
1144,priori,beings,feel,values,support,improvement,previous,considerable
1145,logical,possess,you,follows,utility,further,toward,small
1146,inductive,properties,sure,variations,sole,attained,motion,larger
